ID,SUBCLASS
TEST_0000,STES
TEST_0001,STES
TEST_0002,THCA
TEST_0003,LGG
TEST_0004,HNSC
TEST_0005,UCEC
TEST_0006,BRCA
TEST_0007,SKCM
TEST_0008,LAML
TEST_0009,GBMLGG
TEST_0010,KIPAN
TEST_0011,LAML
TEST_0012,HNSC
TEST_0013,STES
TEST_0014,PCPG
TEST_0015,BRCA
TEST_0016,PAAD
TEST_0017,THYM
TEST_0018,CESC
TEST_0019,PRAD
TEST_0020,STES
TEST_0021,COAD
TEST_0022,GBMLGG
TEST_0023,CESC
TEST_0024,STES
TEST_0025,COAD
TEST_0026,OV
TEST_0027,KIPAN
TEST_0028,STES
TEST_0029,BRCA
TEST_0030,STES
TEST_0031,SKCM
TEST_0032,STES
TEST_0033,KIRC
TEST_0034,KIPAN
TEST_0035,STES
TEST_0036,GBMLGG
TEST_0037,PCPG
TEST_0038,BRCA
TEST_0039,BLCA
TEST_0040,TGCT
TEST_0041,LGG
TEST_0042,SKCM
TEST_0043,BRCA
TEST_0044,BRCA
TEST_0045,BLCA
TEST_0046,KIPAN
TEST_0047,LUAD
TEST_0048,LIHC
TEST_0049,BRCA
TEST_0050,STES
TEST_0051,KIPAN
TEST_0052,STES
TEST_0053,HNSC
TEST_0054,ACC
TEST_0055,OV
TEST_0056,COAD
TEST_0057,BRCA
TEST_0058,LIHC
TEST_0059,SKCM
TEST_0060,SKCM
TEST_0061,BRCA
TEST_0062,OV
TEST_0063,UCEC
TEST_0064,PCPG
TEST_0065,STES
TEST_0066,BRCA
TEST_0067,COAD
TEST_0068,BRCA
TEST_0069,STES
TEST_0070,COAD
TEST_0071,BRCA
TEST_0072,UCEC
TEST_0073,HNSC
TEST_0074,THCA
TEST_0075,PCPG
TEST_0076,LUSC
TEST_0077,STES
TEST_0078,SKCM
TEST_0079,SKCM
TEST_0080,STES
TEST_0081,COAD
TEST_0082,LUSC
TEST_0083,STES
TEST_0084,STES
TEST_0085,ACC
TEST_0086,KIPAN
TEST_0087,GBMLGG
TEST_0088,STES
TEST_0089,UCEC
TEST_0090,THCA
TEST_0091,KIPAN
TEST_0092,KIPAN
TEST_0093,BLCA
TEST_0094,PRAD
TEST_0095,KIRC
TEST_0096,HNSC
TEST_0097,GBMLGG
TEST_0098,COAD
TEST_0099,STES
TEST_0100,PCPG
TEST_0101,KIPAN
TEST_0102,SARC
TEST_0103,GBMLGG
TEST_0104,LAML
TEST_0105,LIHC
TEST_0106,LUSC
TEST_0107,PRAD
TEST_0108,KIPAN
TEST_0109,STES
TEST_0110,LAML
TEST_0111,THCA
TEST_0112,UCEC
TEST_0113,BRCA
TEST_0114,STES
TEST_0115,PCPG
TEST_0116,KIRC
TEST_0117,LGG
TEST_0118,PCPG
TEST_0119,STES
TEST_0120,BRCA
TEST_0121,GBMLGG
TEST_0122,BRCA
TEST_0123,SARC
TEST_0124,THCA
TEST_0125,LUSC
TEST_0126,BLCA
TEST_0127,LGG
TEST_0128,ACC
TEST_0129,KIPAN
TEST_0130,LIHC
TEST_0131,LAML
TEST_0132,OV
TEST_0133,LUAD
TEST_0134,STES
TEST_0135,GBMLGG
TEST_0136,GBMLGG
TEST_0137,BRCA
TEST_0138,GBMLGG
TEST_0139,PCPG
TEST_0140,STES
TEST_0141,GBMLGG
TEST_0142,SKCM
TEST_0143,HNSC
TEST_0144,SARC
TEST_0145,THCA
TEST_0146,CESC
TEST_0147,KIPAN
TEST_0148,CESC
TEST_0149,DLBC
TEST_0150,COAD
TEST_0151,THCA
TEST_0152,OV
TEST_0153,GBMLGG
TEST_0154,KIPAN
TEST_0155,TGCT
TEST_0156,PCPG
TEST_0157,STES
TEST_0158,HNSC
TEST_0159,LUSC
TEST_0160,KIPAN
TEST_0161,STES
TEST_0162,STES
TEST_0163,OV
TEST_0164,LGG
TEST_0165,STES
TEST_0166,STES
TEST_0167,STES
TEST_0168,SARC
TEST_0169,STES
TEST_0170,LAML
TEST_0171,STES
TEST_0172,SKCM
TEST_0173,PCPG
TEST_0174,BRCA
TEST_0175,KIRC
TEST_0176,KIPAN
TEST_0177,PAAD
TEST_0178,KIPAN
TEST_0179,KIPAN
TEST_0180,THYM
TEST_0181,BRCA
TEST_0182,BRCA
TEST_0183,STES
TEST_0184,THCA
TEST_0185,PRAD
TEST_0186,STES
TEST_0187,THYM
TEST_0188,GBMLGG
TEST_0189,LUSC
TEST_0190,STES
TEST_0191,UCEC
TEST_0192,LAML
TEST_0193,PAAD
TEST_0194,SKCM
TEST_0195,STES
TEST_0196,STES
TEST_0197,STES
TEST_0198,KIPAN
TEST_0199,CESC
TEST_0200,KIPAN
TEST_0201,KIPAN
TEST_0202,KIPAN
TEST_0203,KIPAN
TEST_0204,THCA
TEST_0205,BRCA
TEST_0206,KIPAN
TEST_0207,SKCM
TEST_0208,UCEC
TEST_0209,COAD
TEST_0210,KIPAN
TEST_0211,BRCA
TEST_0212,LGG
TEST_0213,BRCA
TEST_0214,THYM
TEST_0215,ACC
TEST_0216,HNSC
TEST_0217,STES
TEST_0218,UCEC
TEST_0219,THYM
TEST_0220,BRCA
TEST_0221,BRCA
TEST_0222,PCPG
TEST_0223,LGG
TEST_0224,UCEC
TEST_0225,KIPAN
TEST_0226,GBMLGG
TEST_0227,STES
TEST_0228,STES
TEST_0229,KIRC
TEST_0230,BRCA
TEST_0231,TGCT
TEST_0232,STES
TEST_0233,LUAD
TEST_0234,KIPAN
TEST_0235,STES
TEST_0236,BLCA
TEST_0237,BRCA
TEST_0238,SKCM
TEST_0239,SKCM
TEST_0240,HNSC
TEST_0241,PCPG
TEST_0242,STES
TEST_0243,BRCA
TEST_0244,KIRC
TEST_0245,LIHC
TEST_0246,BRCA
TEST_0247,GBMLGG
TEST_0248,BRCA
TEST_0249,LIHC
TEST_0250,CESC
TEST_0251,SARC
TEST_0252,CESC
TEST_0253,PCPG
TEST_0254,SKCM
TEST_0255,TGCT
TEST_0256,COAD
TEST_0257,OV
TEST_0258,STES
TEST_0259,STES
TEST_0260,THCA
TEST_0261,LUAD
TEST_0262,TGCT
TEST_0263,LUSC
TEST_0264,GBMLGG
TEST_0265,OV
TEST_0266,SKCM
TEST_0267,KIRC
TEST_0268,SKCM
TEST_0269,KIPAN
TEST_0270,KIPAN
TEST_0271,KIRC
TEST_0272,GBMLGG
TEST_0273,BRCA
TEST_0274,KIPAN
TEST_0275,UCEC
TEST_0276,STES
TEST_0277,KIPAN
TEST_0278,COAD
TEST_0279,COAD
TEST_0280,BLCA
TEST_0281,LUAD
TEST_0282,BRCA
TEST_0283,STES
TEST_0284,STES
TEST_0285,GBMLGG
TEST_0286,BRCA
TEST_0287,KIPAN
TEST_0288,STES
TEST_0289,COAD
TEST_0290,STES
TEST_0291,LGG
TEST_0292,BLCA
TEST_0293,ACC
TEST_0294,THYM
TEST_0295,SKCM
TEST_0296,GBMLGG
TEST_0297,LUAD
TEST_0298,COAD
TEST_0299,UCEC
TEST_0300,BLCA
TEST_0301,THCA
TEST_0302,LIHC
TEST_0303,STES
TEST_0304,STES
TEST_0305,PAAD
TEST_0306,COAD
TEST_0307,PRAD
TEST_0308,BRCA
TEST_0309,HNSC
TEST_0310,LGG
TEST_0311,SARC
TEST_0312,KIPAN
TEST_0313,UCEC
TEST_0314,STES
TEST_0315,LUAD
TEST_0316,BRCA
TEST_0317,BLCA
TEST_0318,PRAD
TEST_0319,UCEC
TEST_0320,PCPG
TEST_0321,STES
TEST_0322,GBMLGG
TEST_0323,COAD
TEST_0324,SKCM
TEST_0325,LUSC
TEST_0326,GBMLGG
TEST_0327,OV
TEST_0328,SKCM
TEST_0329,CESC
TEST_0330,BLCA
TEST_0331,STES
TEST_0332,LUSC
TEST_0333,PRAD
TEST_0334,GBMLGG
TEST_0335,LUAD
TEST_0336,SKCM
TEST_0337,STES
TEST_0338,BLCA
TEST_0339,BRCA
TEST_0340,LUSC
TEST_0341,BLCA
TEST_0342,SKCM
TEST_0343,OV
TEST_0344,COAD
TEST_0345,SKCM
TEST_0346,HNSC
TEST_0347,SKCM
TEST_0348,STES
TEST_0349,STES
TEST_0350,BLCA
TEST_0351,HNSC
TEST_0352,THCA
TEST_0353,SKCM
TEST_0354,BLCA
TEST_0355,LUAD
TEST_0356,HNSC
TEST_0357,KIPAN
TEST_0358,COAD
TEST_0359,STES
TEST_0360,OV
TEST_0361,SKCM
TEST_0362,LUAD
TEST_0363,COAD
TEST_0364,STES
TEST_0365,COAD
TEST_0366,KIRC
TEST_0367,PCPG
TEST_0368,STES
TEST_0369,KIRC
TEST_0370,TGCT
TEST_0371,SARC
TEST_0372,PAAD
TEST_0373,BRCA
TEST_0374,THYM
TEST_0375,STES
TEST_0376,ACC
TEST_0377,STES
TEST_0378,OV
TEST_0379,THCA
TEST_0380,STES
TEST_0381,BLCA
TEST_0382,KIPAN
TEST_0383,COAD
TEST_0384,PCPG
TEST_0385,COAD
TEST_0386,UCEC
TEST_0387,PRAD
TEST_0388,PCPG
TEST_0389,KIRC
TEST_0390,THYM
TEST_0391,BRCA
TEST_0392,KIRC
TEST_0393,KIRC
TEST_0394,KIPAN
TEST_0395,GBMLGG
TEST_0396,STES
TEST_0397,SKCM
TEST_0398,PRAD
TEST_0399,BRCA
TEST_0400,SKCM
TEST_0401,BRCA
TEST_0402,COAD
TEST_0403,STES
TEST_0404,CESC
TEST_0405,COAD
TEST_0406,SKCM
TEST_0407,STES
TEST_0408,LUAD
TEST_0409,THCA
TEST_0410,UCEC
TEST_0411,LUSC
TEST_0412,ACC
TEST_0413,COAD
TEST_0414,STES
TEST_0415,SARC
TEST_0416,STES
TEST_0417,LGG
TEST_0418,CESC
TEST_0419,COAD
TEST_0420,SARC
TEST_0421,CESC
TEST_0422,LUAD
TEST_0423,STES
TEST_0424,ACC
TEST_0425,CESC
TEST_0426,COAD
TEST_0427,BRCA
TEST_0428,PCPG
TEST_0429,STES
TEST_0430,LUAD
TEST_0431,STES
TEST_0432,PRAD
TEST_0433,OV
TEST_0434,STES
TEST_0435,LAML
TEST_0436,SKCM
TEST_0437,OV
TEST_0438,SKCM
TEST_0439,PRAD
TEST_0440,COAD
TEST_0441,OV
TEST_0442,STES
TEST_0443,STES
TEST_0444,STES
TEST_0445,GBMLGG
TEST_0446,THYM
TEST_0447,STES
TEST_0448,PCPG
TEST_0449,LUAD
TEST_0450,THYM
TEST_0451,OV
TEST_0452,STES
TEST_0453,COAD
TEST_0454,BRCA
TEST_0455,BLCA
TEST_0456,LAML
TEST_0457,STES
TEST_0458,STES
TEST_0459,KIRC
TEST_0460,STES
TEST_0461,KIPAN
TEST_0462,CESC
TEST_0463,LUSC
TEST_0464,STES
TEST_0465,UCEC
TEST_0466,STES
TEST_0467,STES
TEST_0468,PRAD
TEST_0469,BRCA
TEST_0470,STES
TEST_0471,CESC
TEST_0472,STES
TEST_0473,CESC
TEST_0474,GBMLGG
TEST_0475,LUAD
TEST_0476,SARC
TEST_0477,SKCM
TEST_0478,LGG
TEST_0479,LUAD
TEST_0480,COAD
TEST_0481,THCA
TEST_0482,STES
TEST_0483,CESC
TEST_0484,BRCA
TEST_0485,KIPAN
TEST_0486,SKCM
TEST_0487,UCEC
TEST_0488,STES
TEST_0489,PAAD
TEST_0490,THCA
TEST_0491,BRCA
TEST_0492,PRAD
TEST_0493,COAD
TEST_0494,OV
TEST_0495,CESC
TEST_0496,PAAD
TEST_0497,THCA
TEST_0498,THCA
TEST_0499,STES
TEST_0500,SARC
TEST_0501,OV
TEST_0502,KIPAN
TEST_0503,COAD
TEST_0504,OV
TEST_0505,BRCA
TEST_0506,KIPAN
TEST_0507,STES
TEST_0508,STES
TEST_0509,STES
TEST_0510,COAD
TEST_0511,KIPAN
TEST_0512,KIPAN
TEST_0513,UCEC
TEST_0514,HNSC
TEST_0515,STES
TEST_0516,STES
TEST_0517,STES
TEST_0518,STES
TEST_0519,THCA
TEST_0520,ACC
TEST_0521,COAD
TEST_0522,KIPAN
TEST_0523,GBMLGG
TEST_0524,STES
TEST_0525,LUSC
TEST_0526,BRCA
TEST_0527,SKCM
TEST_0528,BRCA
TEST_0529,THCA
TEST_0530,HNSC
TEST_0531,BRCA
TEST_0532,STES
TEST_0533,HNSC
TEST_0534,PCPG
TEST_0535,LIHC
TEST_0536,OV
TEST_0537,LIHC
TEST_0538,BRCA
TEST_0539,KIPAN
TEST_0540,SKCM
TEST_0541,LUAD
TEST_0542,PAAD
TEST_0543,BLCA
TEST_0544,KIPAN
TEST_0545,THYM
TEST_0546,LIHC
TEST_0547,LIHC
TEST_0548,KIPAN
TEST_0549,KIRC
TEST_0550,GBMLGG
TEST_0551,KIPAN
TEST_0552,HNSC
TEST_0553,CESC
TEST_0554,KIPAN
TEST_0555,CESC
TEST_0556,BLCA
TEST_0557,PAAD
TEST_0558,LAML
TEST_0559,HNSC
TEST_0560,THCA
TEST_0561,OV
TEST_0562,PRAD
TEST_0563,KIPAN
TEST_0564,CESC
TEST_0565,THCA
TEST_0566,SKCM
TEST_0567,STES
TEST_0568,COAD
TEST_0569,KIPAN
TEST_0570,STES
TEST_0571,KIRC
TEST_0572,KIPAN
TEST_0573,LGG
TEST_0574,LUSC
TEST_0575,COAD
TEST_0576,LIHC
TEST_0577,BRCA
TEST_0578,HNSC
TEST_0579,KIRC
TEST_0580,HNSC
TEST_0581,STES
TEST_0582,COAD
TEST_0583,UCEC
TEST_0584,TGCT
TEST_0585,PCPG
TEST_0586,THCA
TEST_0587,PRAD
TEST_0588,COAD
TEST_0589,LUSC
TEST_0590,HNSC
TEST_0591,STES
TEST_0592,BLCA
TEST_0593,LUAD
TEST_0594,BRCA
TEST_0595,PCPG
TEST_0596,STES
TEST_0597,LUSC
TEST_0598,BRCA
TEST_0599,STES
TEST_0600,TGCT
TEST_0601,STES
TEST_0602,LAML
TEST_0603,SKCM
TEST_0604,STES
TEST_0605,GBMLGG
TEST_0606,STES
TEST_0607,BLCA
TEST_0608,STES
TEST_0609,BRCA
TEST_0610,OV
TEST_0611,KIRC
TEST_0612,GBMLGG
TEST_0613,LUSC
TEST_0614,TGCT
TEST_0615,COAD
TEST_0616,UCEC
TEST_0617,OV
TEST_0618,STES
TEST_0619,LAML
TEST_0620,BRCA
TEST_0621,THYM
TEST_0622,KIRC
TEST_0623,LUSC
TEST_0624,BRCA
TEST_0625,LIHC
TEST_0626,SKCM
TEST_0627,STES
TEST_0628,LUSC
TEST_0629,GBMLGG
TEST_0630,STES
TEST_0631,STES
TEST_0632,STES
TEST_0633,UCEC
TEST_0634,STES
TEST_0635,SARC
TEST_0636,SKCM
TEST_0637,PCPG
TEST_0638,STES
TEST_0639,BRCA
TEST_0640,HNSC
TEST_0641,PCPG
TEST_0642,HNSC
TEST_0643,THCA
TEST_0644,SKCM
TEST_0645,COAD
TEST_0646,LUSC
TEST_0647,CESC
TEST_0648,KIPAN
TEST_0649,GBMLGG
TEST_0650,ACC
TEST_0651,LUSC
TEST_0652,LUSC
TEST_0653,STES
TEST_0654,PRAD
TEST_0655,LAML
TEST_0656,THYM
TEST_0657,BRCA
TEST_0658,BLCA
TEST_0659,STES
TEST_0660,HNSC
TEST_0661,STES
TEST_0662,GBMLGG
TEST_0663,COAD
TEST_0664,CESC
TEST_0665,LUAD
TEST_0666,TGCT
TEST_0667,SKCM
TEST_0668,ACC
TEST_0669,PCPG
TEST_0670,KIRC
TEST_0671,COAD
TEST_0672,LAML
TEST_0673,TGCT
TEST_0674,UCEC
TEST_0675,BLCA
TEST_0676,THYM
TEST_0677,OV
TEST_0678,STES
TEST_0679,BRCA
TEST_0680,CESC
TEST_0681,STES
TEST_0682,LUSC
TEST_0683,BRCA
TEST_0684,UCEC
TEST_0685,TGCT
TEST_0686,DLBC
TEST_0687,COAD
TEST_0688,STES
TEST_0689,LUSC
TEST_0690,BRCA
TEST_0691,STES
TEST_0692,HNSC
TEST_0693,THCA
TEST_0694,KIPAN
TEST_0695,KIPAN
TEST_0696,THYM
TEST_0697,STES
TEST_0698,LUSC
TEST_0699,LGG
TEST_0700,HNSC
TEST_0701,THCA
TEST_0702,SKCM
TEST_0703,TGCT
TEST_0704,CESC
TEST_0705,UCEC
TEST_0706,GBMLGG
TEST_0707,BRCA
TEST_0708,KIPAN
TEST_0709,LUAD
TEST_0710,PRAD
TEST_0711,TGCT
TEST_0712,STES
TEST_0713,BLCA
TEST_0714,PCPG
TEST_0715,PCPG
TEST_0716,LGG
TEST_0717,SKCM
TEST_0718,KIPAN
TEST_0719,LAML
TEST_0720,PRAD
TEST_0721,STES
TEST_0722,TGCT
TEST_0723,BRCA
TEST_0724,STES
TEST_0725,TGCT
TEST_0726,COAD
TEST_0727,LIHC
TEST_0728,OV
TEST_0729,PCPG
TEST_0730,STES
TEST_0731,BLCA
TEST_0732,STES
TEST_0733,THCA
TEST_0734,COAD
TEST_0735,PAAD
TEST_0736,PCPG
TEST_0737,KIPAN
TEST_0738,COAD
TEST_0739,LUSC
TEST_0740,KIPAN
TEST_0741,THCA
TEST_0742,LUSC
TEST_0743,UCEC
TEST_0744,COAD
TEST_0745,KIPAN
TEST_0746,STES
TEST_0747,STES
TEST_0748,BRCA
TEST_0749,STES
TEST_0750,TGCT
TEST_0751,STES
TEST_0752,PCPG
TEST_0753,STES
TEST_0754,KIPAN
TEST_0755,STES
TEST_0756,SKCM
TEST_0757,THCA
TEST_0758,THCA
TEST_0759,COAD
TEST_0760,STES
TEST_0761,STES
TEST_0762,UCEC
TEST_0763,LUSC
TEST_0764,HNSC
TEST_0765,KIPAN
TEST_0766,KIPAN
TEST_0767,PCPG
TEST_0768,HNSC
TEST_0769,STES
TEST_0770,GBMLGG
TEST_0771,SARC
TEST_0772,PCPG
TEST_0773,SARC
TEST_0774,KIPAN
TEST_0775,HNSC
TEST_0776,KIRC
TEST_0777,STES
TEST_0778,BRCA
TEST_0779,PAAD
TEST_0780,THCA
TEST_0781,COAD
TEST_0782,OV
TEST_0783,CESC
TEST_0784,KIRC
TEST_0785,PCPG
TEST_0786,LIHC
TEST_0787,THYM
TEST_0788,STES
TEST_0789,UCEC
TEST_0790,OV
TEST_0791,BRCA
TEST_0792,STES
TEST_0793,KIPAN
TEST_0794,KIRC
TEST_0795,COAD
TEST_0796,LAML
TEST_0797,STES
TEST_0798,LAML
TEST_0799,COAD
TEST_0800,KIRC
TEST_0801,CESC
TEST_0802,TGCT
TEST_0803,STES
TEST_0804,GBMLGG
TEST_0805,LUSC
TEST_0806,BRCA
TEST_0807,LUAD
TEST_0808,STES
TEST_0809,TGCT
TEST_0810,BRCA
TEST_0811,OV
TEST_0812,PCPG
TEST_0813,BRCA
TEST_0814,CESC
TEST_0815,GBMLGG
TEST_0816,LUSC
TEST_0817,LIHC
TEST_0818,STES
TEST_0819,KIRC
TEST_0820,COAD
TEST_0821,LAML
TEST_0822,COAD
TEST_0823,KIPAN
TEST_0824,KIPAN
TEST_0825,KIRC
TEST_0826,BRCA
TEST_0827,KIRC
TEST_0828,BRCA
TEST_0829,BLCA
TEST_0830,UCEC
TEST_0831,COAD
TEST_0832,TGCT
TEST_0833,SARC
TEST_0834,GBMLGG
TEST_0835,LUAD
TEST_0836,KIRC
TEST_0837,KIPAN
TEST_0838,COAD
TEST_0839,DLBC
TEST_0840,OV
TEST_0841,STES
TEST_0842,THCA
TEST_0843,OV
TEST_0844,KIRC
TEST_0845,TGCT
TEST_0846,GBMLGG
TEST_0847,SKCM
TEST_0848,UCEC
TEST_0849,HNSC
TEST_0850,LUSC
TEST_0851,SKCM
TEST_0852,BRCA
TEST_0853,STES
TEST_0854,KIRC
TEST_0855,THYM
TEST_0856,PCPG
TEST_0857,PRAD
TEST_0858,LUSC
TEST_0859,COAD
TEST_0860,KIPAN
TEST_0861,STES
TEST_0862,BRCA
TEST_0863,STES
TEST_0864,PCPG
TEST_0865,PCPG
TEST_0866,STES
TEST_0867,LUSC
TEST_0868,STES
TEST_0869,PCPG
TEST_0870,STES
TEST_0871,STES
TEST_0872,BRCA
TEST_0873,BRCA
TEST_0874,ACC
TEST_0875,PCPG
TEST_0876,COAD
TEST_0877,LIHC
TEST_0878,PCPG
TEST_0879,SKCM
TEST_0880,LAML
TEST_0881,HNSC
TEST_0882,COAD
TEST_0883,SKCM
TEST_0884,GBMLGG
TEST_0885,PRAD
TEST_0886,LGG
TEST_0887,BRCA
TEST_0888,COAD
TEST_0889,COAD
TEST_0890,STES
TEST_0891,GBMLGG
TEST_0892,COAD
TEST_0893,TGCT
TEST_0894,LGG
TEST_0895,SKCM
TEST_0896,STES
TEST_0897,PCPG
TEST_0898,LAML
TEST_0899,PCPG
TEST_0900,STES
TEST_0901,BRCA
TEST_0902,SARC
TEST_0903,LUAD
TEST_0904,TGCT
TEST_0905,HNSC
TEST_0906,SKCM
TEST_0907,GBMLGG
TEST_0908,STES
TEST_0909,COAD
TEST_0910,STES
TEST_0911,PCPG
TEST_0912,HNSC
TEST_0913,BRCA
TEST_0914,LUSC
TEST_0915,STES
TEST_0916,STES
TEST_0917,LIHC
TEST_0918,PAAD
TEST_0919,HNSC
TEST_0920,OV
TEST_0921,CESC
TEST_0922,LUSC
TEST_0923,STES
TEST_0924,KIPAN
TEST_0925,BRCA
TEST_0926,STES
TEST_0927,BRCA
TEST_0928,BRCA
TEST_0929,KIRC
TEST_0930,LUSC
TEST_0931,KIRC
TEST_0932,GBMLGG
TEST_0933,HNSC
TEST_0934,PAAD
TEST_0935,THCA
TEST_0936,LUSC
TEST_0937,LUSC
TEST_0938,GBMLGG
TEST_0939,STES
TEST_0940,PRAD
TEST_0941,STES
TEST_0942,PCPG
TEST_0943,UCEC
TEST_0944,PAAD
TEST_0945,STES
TEST_0946,LIHC
TEST_0947,LGG
TEST_0948,TGCT
TEST_0949,COAD
TEST_0950,LIHC
TEST_0951,GBMLGG
TEST_0952,COAD
TEST_0953,ACC
TEST_0954,LAML
TEST_0955,GBMLGG
TEST_0956,BRCA
TEST_0957,SKCM
TEST_0958,OV
TEST_0959,LUSC
TEST_0960,PRAD
TEST_0961,KIPAN
TEST_0962,SKCM
TEST_0963,LUSC
TEST_0964,PAAD
TEST_0965,ACC
TEST_0966,LUSC
TEST_0967,UCEC
TEST_0968,STES
TEST_0969,BRCA
TEST_0970,STES
TEST_0971,TGCT
TEST_0972,STES
TEST_0973,SARC
TEST_0974,SARC
TEST_0975,GBMLGG
TEST_0976,GBMLGG
TEST_0977,STES
TEST_0978,SARC
TEST_0979,THYM
TEST_0980,BRCA
TEST_0981,BRCA
TEST_0982,PCPG
TEST_0983,CESC
TEST_0984,KIPAN
TEST_0985,STES
TEST_0986,UCEC
TEST_0987,LGG
TEST_0988,PRAD
TEST_0989,SKCM
TEST_0990,BLCA
TEST_0991,HNSC
TEST_0992,GBMLGG
TEST_0993,CESC
TEST_0994,LUAD
TEST_0995,LUAD
TEST_0996,STES
TEST_0997,UCEC
TEST_0998,KIPAN
TEST_0999,UCEC
TEST_1000,SKCM
TEST_1001,COAD
TEST_1002,BRCA
TEST_1003,STES
TEST_1004,CESC
TEST_1005,ACC
TEST_1006,COAD
TEST_1007,LUSC
TEST_1008,BRCA
TEST_1009,KIPAN
TEST_1010,BRCA
TEST_1011,CESC
TEST_1012,PRAD
TEST_1013,KIRC
TEST_1014,STES
TEST_1015,KIRC
TEST_1016,THCA
TEST_1017,LUAD
TEST_1018,BRCA
TEST_1019,UCEC
TEST_1020,ACC
TEST_1021,KIPAN
TEST_1022,PCPG
TEST_1023,LAML
TEST_1024,STES
TEST_1025,GBMLGG
TEST_1026,PCPG
TEST_1027,BLCA
TEST_1028,BRCA
TEST_1029,DLBC
TEST_1030,GBMLGG
TEST_1031,STES
TEST_1032,PCPG
TEST_1033,TGCT
TEST_1034,LAML
TEST_1035,KIRC
TEST_1036,LUAD
TEST_1037,LGG
TEST_1038,STES
TEST_1039,LUSC
TEST_1040,HNSC
TEST_1041,COAD
TEST_1042,PRAD
TEST_1043,KIPAN
TEST_1044,SKCM
TEST_1045,BLCA
TEST_1046,KIRC
TEST_1047,OV
TEST_1048,BRCA
TEST_1049,SKCM
TEST_1050,BRCA
TEST_1051,LUSC
TEST_1052,STES
TEST_1053,COAD
TEST_1054,STES
TEST_1055,THYM
TEST_1056,THCA
TEST_1057,ACC
TEST_1058,CESC
TEST_1059,PAAD
TEST_1060,BLCA
TEST_1061,PCPG
TEST_1062,STES
TEST_1063,BLCA
TEST_1064,BRCA
TEST_1065,PCPG
TEST_1066,BLCA
TEST_1067,OV
TEST_1068,SARC
TEST_1069,DLBC
TEST_1070,ACC
TEST_1071,KIRC
TEST_1072,KIRC
TEST_1073,COAD
TEST_1074,UCEC
TEST_1075,SKCM
TEST_1076,LIHC
TEST_1077,CESC
TEST_1078,LAML
TEST_1079,STES
TEST_1080,UCEC
TEST_1081,SKCM
TEST_1082,SARC
TEST_1083,OV
TEST_1084,GBMLGG
TEST_1085,SARC
TEST_1086,LUSC
TEST_1087,STES
TEST_1088,BRCA
TEST_1089,SARC
TEST_1090,GBMLGG
TEST_1091,LUAD
TEST_1092,DLBC
TEST_1093,PCPG
TEST_1094,LUAD
TEST_1095,KIRC
TEST_1096,HNSC
TEST_1097,COAD
TEST_1098,BRCA
TEST_1099,GBMLGG
TEST_1100,STES
TEST_1101,CESC
TEST_1102,PRAD
TEST_1103,STES
TEST_1104,BRCA
TEST_1105,HNSC
TEST_1106,THCA
TEST_1107,LGG
TEST_1108,HNSC
TEST_1109,BRCA
TEST_1110,SARC
TEST_1111,BRCA
TEST_1112,GBMLGG
TEST_1113,KIPAN
TEST_1114,SARC
TEST_1115,OV
TEST_1116,GBMLGG
TEST_1117,PAAD
TEST_1118,LAML
TEST_1119,STES
TEST_1120,COAD
TEST_1121,TGCT
TEST_1122,ACC
TEST_1123,BRCA
TEST_1124,STES
TEST_1125,STES
TEST_1126,UCEC
TEST_1127,KIRC
TEST_1128,ACC
TEST_1129,STES
TEST_1130,GBMLGG
TEST_1131,STES
TEST_1132,LUAD
TEST_1133,HNSC
TEST_1134,STES
TEST_1135,STES
TEST_1136,GBMLGG
TEST_1137,SKCM
TEST_1138,STES
TEST_1139,PCPG
TEST_1140,BRCA
TEST_1141,BRCA
TEST_1142,BLCA
TEST_1143,OV
TEST_1144,STES
TEST_1145,SKCM
TEST_1146,HNSC
TEST_1147,STES
TEST_1148,BLCA
TEST_1149,BRCA
TEST_1150,GBMLGG
TEST_1151,STES
TEST_1152,STES
TEST_1153,STES
TEST_1154,STES
TEST_1155,LGG
TEST_1156,COAD
TEST_1157,STES
TEST_1158,LUAD
TEST_1159,STES
TEST_1160,GBMLGG
TEST_1161,STES
TEST_1162,BRCA
TEST_1163,LUSC
TEST_1164,STES
TEST_1165,STES
TEST_1166,STES
TEST_1167,BRCA
TEST_1168,LUAD
TEST_1169,KIPAN
TEST_1170,KIPAN
TEST_1171,BRCA
TEST_1172,STES
TEST_1173,STES
TEST_1174,BRCA
TEST_1175,CESC
TEST_1176,GBMLGG
TEST_1177,LGG
TEST_1178,STES
TEST_1179,SKCM
TEST_1180,GBMLGG
TEST_1181,CESC
TEST_1182,COAD
TEST_1183,SARC
TEST_1184,KIPAN
TEST_1185,UCEC
TEST_1186,STES
TEST_1187,COAD
TEST_1188,HNSC
TEST_1189,KIRC
TEST_1190,BRCA
TEST_1191,THCA
TEST_1192,STES
TEST_1193,COAD
TEST_1194,UCEC
TEST_1195,LUSC
TEST_1196,STES
TEST_1197,THCA
TEST_1198,KIPAN
TEST_1199,CESC
TEST_1200,OV
TEST_1201,BRCA
TEST_1202,KIRC
TEST_1203,STES
TEST_1204,ACC
TEST_1205,GBMLGG
TEST_1206,COAD
TEST_1207,GBMLGG
TEST_1208,UCEC
TEST_1209,BRCA
TEST_1210,SARC
TEST_1211,SKCM
TEST_1212,GBMLGG
TEST_1213,BRCA
TEST_1214,STES
TEST_1215,GBMLGG
TEST_1216,LUAD
TEST_1217,KIPAN
TEST_1218,STES
TEST_1219,LIHC
TEST_1220,LUAD
TEST_1221,SKCM
TEST_1222,GBMLGG
TEST_1223,LUAD
TEST_1224,BLCA
TEST_1225,KIPAN
TEST_1226,UCEC
TEST_1227,KIPAN
TEST_1228,BRCA
TEST_1229,OV
TEST_1230,LGG
TEST_1231,STES
TEST_1232,KIRC
TEST_1233,BLCA
TEST_1234,TGCT
TEST_1235,GBMLGG
TEST_1236,HNSC
TEST_1237,PCPG
TEST_1238,KIPAN
TEST_1239,PRAD
TEST_1240,SKCM
TEST_1241,SARC
TEST_1242,PRAD
TEST_1243,BRCA
TEST_1244,PAAD
TEST_1245,LUAD
TEST_1246,PCPG
TEST_1247,LUAD
TEST_1248,BRCA
TEST_1249,THYM
TEST_1250,COAD
TEST_1251,COAD
TEST_1252,KIRC
TEST_1253,STES
TEST_1254,STES
TEST_1255,STES
TEST_1256,TGCT
TEST_1257,PCPG
TEST_1258,ACC
TEST_1259,STES
TEST_1260,LUSC
TEST_1261,GBMLGG
TEST_1262,HNSC
TEST_1263,THCA
TEST_1264,BRCA
TEST_1265,UCEC
TEST_1266,HNSC
TEST_1267,PCPG
TEST_1268,HNSC
TEST_1269,BRCA
TEST_1270,STES
TEST_1271,COAD
TEST_1272,SKCM
TEST_1273,PCPG
TEST_1274,HNSC
TEST_1275,STES
TEST_1276,HNSC
TEST_1277,BLCA
TEST_1278,TGCT
TEST_1279,PRAD
TEST_1280,HNSC
TEST_1281,PCPG
TEST_1282,GBMLGG
TEST_1283,LIHC
TEST_1284,OV
TEST_1285,DLBC
TEST_1286,GBMLGG
TEST_1287,THCA
TEST_1288,STES
TEST_1289,STES
TEST_1290,PCPG
TEST_1291,STES
TEST_1292,STES
TEST_1293,GBMLGG
TEST_1294,PCPG
TEST_1295,THCA
TEST_1296,KIPAN
TEST_1297,STES
TEST_1298,STES
TEST_1299,STES
TEST_1300,COAD
TEST_1301,KIRC
TEST_1302,STES
TEST_1303,LUSC
TEST_1304,COAD
TEST_1305,LGG
TEST_1306,BRCA
TEST_1307,STES
TEST_1308,HNSC
TEST_1309,BLCA
TEST_1310,DLBC
TEST_1311,KIPAN
TEST_1312,BRCA
TEST_1313,HNSC
TEST_1314,SARC
TEST_1315,STES
TEST_1316,STES
TEST_1317,LUAD
TEST_1318,BRCA
TEST_1319,HNSC
TEST_1320,BRCA
TEST_1321,LUAD
TEST_1322,HNSC
TEST_1323,BRCA
TEST_1324,STES
TEST_1325,COAD
TEST_1326,TGCT
TEST_1327,KIRC
TEST_1328,SKCM
TEST_1329,LAML
TEST_1330,BRCA
TEST_1331,PRAD
TEST_1332,KIPAN
TEST_1333,STES
TEST_1334,GBMLGG
TEST_1335,PAAD
TEST_1336,COAD
TEST_1337,PRAD
TEST_1338,PCPG
TEST_1339,HNSC
TEST_1340,PCPG
TEST_1341,STES
TEST_1342,BRCA
TEST_1343,HNSC
TEST_1344,KIRC
TEST_1345,STES
TEST_1346,GBMLGG
TEST_1347,PCPG
TEST_1348,LAML
TEST_1349,SARC
TEST_1350,BLCA
TEST_1351,BRCA
TEST_1352,BRCA
TEST_1353,STES
TEST_1354,KIPAN
TEST_1355,STES
TEST_1356,HNSC
TEST_1357,BLCA
TEST_1358,SARC
TEST_1359,KIPAN
TEST_1360,PAAD
TEST_1361,BRCA
TEST_1362,BRCA
TEST_1363,STES
TEST_1364,CESC
TEST_1365,GBMLGG
TEST_1366,SKCM
TEST_1367,BRCA
TEST_1368,TGCT
TEST_1369,KIPAN
TEST_1370,STES
TEST_1371,GBMLGG
TEST_1372,STES
TEST_1373,STES
TEST_1374,BRCA
TEST_1375,LUAD
TEST_1376,CESC
TEST_1377,DLBC
TEST_1378,TGCT
TEST_1379,STES
TEST_1380,KIRC
TEST_1381,STES
TEST_1382,SKCM
TEST_1383,GBMLGG
TEST_1384,THCA
TEST_1385,STES
TEST_1386,COAD
TEST_1387,DLBC
TEST_1388,THCA
TEST_1389,STES
TEST_1390,LAML
TEST_1391,THCA
TEST_1392,SKCM
TEST_1393,KIRC
TEST_1394,GBMLGG
TEST_1395,GBMLGG
TEST_1396,STES
TEST_1397,GBMLGG
TEST_1398,ACC
TEST_1399,GBMLGG
TEST_1400,TGCT
TEST_1401,BLCA
TEST_1402,ACC
TEST_1403,STES
TEST_1404,SKCM
TEST_1405,STES
TEST_1406,HNSC
TEST_1407,PAAD
TEST_1408,KIRC
TEST_1409,GBMLGG
TEST_1410,KIRC
TEST_1411,GBMLGG
TEST_1412,ACC
TEST_1413,KIPAN
TEST_1414,LUSC
TEST_1415,STES
TEST_1416,HNSC
TEST_1417,ACC
TEST_1418,BRCA
TEST_1419,LIHC
TEST_1420,STES
TEST_1421,GBMLGG
TEST_1422,STES
TEST_1423,STES
TEST_1424,GBMLGG
TEST_1425,COAD
TEST_1426,KIRC
TEST_1427,COAD
TEST_1428,KIPAN
TEST_1429,STES
TEST_1430,BLCA
TEST_1431,BLCA
TEST_1432,BRCA
TEST_1433,OV
TEST_1434,BLCA
TEST_1435,PRAD
TEST_1436,BRCA
TEST_1437,LAML
TEST_1438,SKCM
TEST_1439,HNSC
TEST_1440,STES
TEST_1441,KIPAN
TEST_1442,BRCA
TEST_1443,BRCA
TEST_1444,KIRC
TEST_1445,STES
TEST_1446,SKCM
TEST_1447,THCA
TEST_1448,STES
TEST_1449,STES
TEST_1450,ACC
TEST_1451,COAD
TEST_1452,UCEC
TEST_1453,UCEC
TEST_1454,BRCA
TEST_1455,ACC
TEST_1456,HNSC
TEST_1457,BRCA
TEST_1458,HNSC
TEST_1459,LUSC
TEST_1460,LGG
TEST_1461,KIPAN
TEST_1462,SKCM
TEST_1463,BLCA
TEST_1464,OV
TEST_1465,THCA
TEST_1466,BRCA
TEST_1467,GBMLGG
TEST_1468,SARC
TEST_1469,UCEC
TEST_1470,STES
TEST_1471,STES
TEST_1472,LIHC
TEST_1473,STES
TEST_1474,STES
TEST_1475,THCA
TEST_1476,OV
TEST_1477,STES
TEST_1478,HNSC
TEST_1479,PCPG
TEST_1480,SKCM
TEST_1481,COAD
TEST_1482,UCEC
TEST_1483,HNSC
TEST_1484,BLCA
TEST_1485,BRCA
TEST_1486,COAD
TEST_1487,THCA
TEST_1488,UCEC
TEST_1489,LUSC
TEST_1490,LAML
TEST_1491,HNSC
TEST_1492,PRAD
TEST_1493,STES
TEST_1494,STES
TEST_1495,LUSC
TEST_1496,LAML
TEST_1497,HNSC
TEST_1498,STES
TEST_1499,GBMLGG
TEST_1500,PRAD
TEST_1501,SKCM
TEST_1502,TGCT
TEST_1503,BRCA
TEST_1504,LGG
TEST_1505,STES
TEST_1506,HNSC
TEST_1507,PCPG
TEST_1508,STES
TEST_1509,GBMLGG
TEST_1510,BLCA
TEST_1511,BLCA
TEST_1512,GBMLGG
TEST_1513,STES
TEST_1514,STES
TEST_1515,STES
TEST_1516,BLCA
TEST_1517,GBMLGG
TEST_1518,BRCA
TEST_1519,STES
TEST_1520,PCPG
TEST_1521,GBMLGG
TEST_1522,HNSC
TEST_1523,BRCA
TEST_1524,STES
TEST_1525,UCEC
TEST_1526,ACC
TEST_1527,THCA
TEST_1528,GBMLGG
TEST_1529,LUSC
TEST_1530,KIPAN
TEST_1531,KIRC
TEST_1532,PCPG
TEST_1533,COAD
TEST_1534,STES
TEST_1535,STES
TEST_1536,PCPG
TEST_1537,STES
TEST_1538,DLBC
TEST_1539,KIRC
TEST_1540,STES
TEST_1541,BLCA
TEST_1542,THYM
TEST_1543,KIPAN
TEST_1544,LUSC
TEST_1545,KIRC
TEST_1546,LIHC
TEST_1547,BLCA
TEST_1548,STES
TEST_1549,KIRC
TEST_1550,UCEC
TEST_1551,LUSC
TEST_1552,GBMLGG
TEST_1553,STES
TEST_1554,KIPAN
TEST_1555,PCPG
TEST_1556,KIPAN
TEST_1557,KIPAN
TEST_1558,THCA
TEST_1559,SKCM
TEST_1560,LAML
TEST_1561,BRCA
TEST_1562,TGCT
TEST_1563,STES
TEST_1564,STES
TEST_1565,KIRC
TEST_1566,THCA
TEST_1567,PCPG
TEST_1568,TGCT
TEST_1569,STES
TEST_1570,HNSC
TEST_1571,LAML
TEST_1572,LGG
TEST_1573,LUSC
TEST_1574,PRAD
TEST_1575,KIRC
TEST_1576,KIPAN
TEST_1577,CESC
TEST_1578,KIPAN
TEST_1579,PRAD
TEST_1580,KIRC
TEST_1581,KIRC
TEST_1582,STES
TEST_1583,STES
TEST_1584,BRCA
TEST_1585,PCPG
TEST_1586,BRCA
TEST_1587,BRCA
TEST_1588,TGCT
TEST_1589,STES
TEST_1590,LUAD
TEST_1591,STES
TEST_1592,LAML
TEST_1593,STES
TEST_1594,ACC
TEST_1595,GBMLGG
TEST_1596,STES
TEST_1597,STES
TEST_1598,SKCM
TEST_1599,UCEC
TEST_1600,BRCA
TEST_1601,STES
TEST_1602,CESC
TEST_1603,CESC
TEST_1604,COAD
TEST_1605,HNSC
TEST_1606,HNSC
TEST_1607,HNSC
TEST_1608,COAD
TEST_1609,BRCA
TEST_1610,LIHC
TEST_1611,LUSC
TEST_1612,STES
TEST_1613,GBMLGG
TEST_1614,BRCA
TEST_1615,BLCA
TEST_1616,GBMLGG
TEST_1617,KIPAN
TEST_1618,UCEC
TEST_1619,SKCM
TEST_1620,BLCA
TEST_1621,COAD
TEST_1622,PCPG
TEST_1623,STES
TEST_1624,BRCA
TEST_1625,KIRC
TEST_1626,PRAD
TEST_1627,STES
TEST_1628,OV
TEST_1629,BLCA
TEST_1630,PCPG
TEST_1631,UCEC
TEST_1632,GBMLGG
TEST_1633,LUAD
TEST_1634,PCPG
TEST_1635,OV
TEST_1636,SKCM
TEST_1637,KIPAN
TEST_1638,OV
TEST_1639,PCPG
TEST_1640,GBMLGG
TEST_1641,OV
TEST_1642,COAD
TEST_1643,SKCM
TEST_1644,STES
TEST_1645,STES
TEST_1646,KIPAN
TEST_1647,STES
TEST_1648,OV
TEST_1649,DLBC
TEST_1650,STES
TEST_1651,STES
TEST_1652,LUSC
TEST_1653,KIPAN
TEST_1654,CESC
TEST_1655,COAD
TEST_1656,PCPG
TEST_1657,GBMLGG
TEST_1658,PRAD
TEST_1659,COAD
TEST_1660,GBMLGG
TEST_1661,HNSC
TEST_1662,SARC
TEST_1663,GBMLGG
TEST_1664,SKCM
TEST_1665,KIRC
TEST_1666,PAAD
TEST_1667,OV
TEST_1668,CESC
TEST_1669,BRCA
TEST_1670,COAD
TEST_1671,BRCA
TEST_1672,STES
TEST_1673,STES
TEST_1674,HNSC
TEST_1675,GBMLGG
TEST_1676,LUSC
TEST_1677,PRAD
TEST_1678,BLCA
TEST_1679,TGCT
TEST_1680,DLBC
TEST_1681,KIPAN
TEST_1682,UCEC
TEST_1683,COAD
TEST_1684,GBMLGG
TEST_1685,BRCA
TEST_1686,CESC
TEST_1687,STES
TEST_1688,UCEC
TEST_1689,STES
TEST_1690,LAML
TEST_1691,HNSC
TEST_1692,THCA
TEST_1693,LGG
TEST_1694,COAD
TEST_1695,UCEC
TEST_1696,PCPG
TEST_1697,KIPAN
TEST_1698,GBMLGG
TEST_1699,ACC
TEST_1700,GBMLGG
TEST_1701,PCPG
TEST_1702,GBMLGG
TEST_1703,LUSC
TEST_1704,DLBC
TEST_1705,CESC
TEST_1706,TGCT
TEST_1707,CESC
TEST_1708,PRAD
TEST_1709,BRCA
TEST_1710,ACC
TEST_1711,LUAD
TEST_1712,PAAD
TEST_1713,LUAD
TEST_1714,COAD
TEST_1715,KIRC
TEST_1716,STES
TEST_1717,STES
TEST_1718,STES
TEST_1719,CESC
TEST_1720,COAD
TEST_1721,LUAD
TEST_1722,ACC
TEST_1723,HNSC
TEST_1724,COAD
TEST_1725,STES
TEST_1726,KIPAN
TEST_1727,LUAD
TEST_1728,THCA
TEST_1729,LGG
TEST_1730,LUSC
TEST_1731,CESC
TEST_1732,STES
TEST_1733,BRCA
TEST_1734,GBMLGG
TEST_1735,OV
TEST_1736,PCPG
TEST_1737,STES
TEST_1738,CESC
TEST_1739,STES
TEST_1740,BRCA
TEST_1741,LAML
TEST_1742,LUAD
TEST_1743,STES
TEST_1744,OV
TEST_1745,OV
TEST_1746,COAD
TEST_1747,OV
TEST_1748,UCEC
TEST_1749,OV
TEST_1750,DLBC
TEST_1751,STES
TEST_1752,COAD
TEST_1753,GBMLGG
TEST_1754,GBMLGG
TEST_1755,PCPG
TEST_1756,PCPG
TEST_1757,GBMLGG
TEST_1758,THCA
TEST_1759,KIPAN
TEST_1760,OV
TEST_1761,KIRC
TEST_1762,STES
TEST_1763,OV
TEST_1764,COAD
TEST_1765,UCEC
TEST_1766,STES
TEST_1767,UCEC
TEST_1768,UCEC
TEST_1769,BRCA
TEST_1770,THYM
TEST_1771,BRCA
TEST_1772,COAD
TEST_1773,PRAD
TEST_1774,KIRC
TEST_1775,OV
TEST_1776,STES
TEST_1777,OV
TEST_1778,OV
TEST_1779,PRAD
TEST_1780,KIPAN
TEST_1781,HNSC
TEST_1782,LUSC
TEST_1783,TGCT
TEST_1784,PCPG
TEST_1785,THYM
TEST_1786,BRCA
TEST_1787,STES
TEST_1788,ACC
TEST_1789,CESC
TEST_1790,STES
TEST_1791,PRAD
TEST_1792,HNSC
TEST_1793,LUAD
TEST_1794,LUAD
TEST_1795,SKCM
TEST_1796,HNSC
TEST_1797,LUSC
TEST_1798,BRCA
TEST_1799,STES
TEST_1800,BLCA
TEST_1801,BRCA
TEST_1802,SARC
TEST_1803,STES
TEST_1804,LAML
TEST_1805,BRCA
TEST_1806,KIPAN
TEST_1807,PCPG
TEST_1808,PCPG
TEST_1809,STES
TEST_1810,PRAD
TEST_1811,LUSC
TEST_1812,KIPAN
TEST_1813,OV
TEST_1814,LUSC
TEST_1815,HNSC
TEST_1816,TGCT
TEST_1817,LUAD
TEST_1818,SKCM
TEST_1819,LUAD
TEST_1820,UCEC
TEST_1821,GBMLGG
TEST_1822,PAAD
TEST_1823,BRCA
TEST_1824,COAD
TEST_1825,COAD
TEST_1826,STES
TEST_1827,PCPG
TEST_1828,TGCT
TEST_1829,STES
TEST_1830,LAML
TEST_1831,BRCA
TEST_1832,THYM
TEST_1833,KIRC
TEST_1834,PAAD
TEST_1835,LUAD
TEST_1836,LIHC
TEST_1837,BRCA
TEST_1838,LUSC
TEST_1839,STES
TEST_1840,PCPG
TEST_1841,LIHC
TEST_1842,STES
TEST_1843,UCEC
TEST_1844,DLBC
TEST_1845,TGCT
TEST_1846,TGCT
TEST_1847,LGG
TEST_1848,KIPAN
TEST_1849,GBMLGG
TEST_1850,HNSC
TEST_1851,LAML
TEST_1852,UCEC
TEST_1853,THCA
TEST_1854,STES
TEST_1855,ACC
TEST_1856,THCA
TEST_1857,LIHC
TEST_1858,PCPG
TEST_1859,KIPAN
TEST_1860,LUSC
TEST_1861,LUAD
TEST_1862,BRCA
TEST_1863,SKCM
TEST_1864,LUSC
TEST_1865,PCPG
TEST_1866,THYM
TEST_1867,COAD
TEST_1868,GBMLGG
TEST_1869,KIPAN
TEST_1870,STES
TEST_1871,LIHC
TEST_1872,HNSC
TEST_1873,LUAD
TEST_1874,KIRC
TEST_1875,GBMLGG
TEST_1876,STES
TEST_1877,UCEC
TEST_1878,COAD
TEST_1879,KIRC
TEST_1880,PAAD
TEST_1881,PRAD
TEST_1882,KIRC
TEST_1883,LIHC
TEST_1884,PRAD
TEST_1885,PRAD
TEST_1886,CESC
TEST_1887,STES
TEST_1888,SKCM
TEST_1889,LUSC
TEST_1890,STES
TEST_1891,LGG
TEST_1892,LGG
TEST_1893,STES
TEST_1894,SARC
TEST_1895,KIRC
TEST_1896,KIRC
TEST_1897,STES
TEST_1898,HNSC
TEST_1899,OV
TEST_1900,BLCA
TEST_1901,STES
TEST_1902,OV
TEST_1903,BRCA
TEST_1904,KIRC
TEST_1905,PCPG
TEST_1906,UCEC
TEST_1907,KIPAN
TEST_1908,STES
TEST_1909,LGG
TEST_1910,GBMLGG
TEST_1911,BRCA
TEST_1912,UCEC
TEST_1913,GBMLGG
TEST_1914,BRCA
TEST_1915,STES
TEST_1916,COAD
TEST_1917,KIPAN
TEST_1918,KIPAN
TEST_1919,THCA
TEST_1920,STES
TEST_1921,LIHC
TEST_1922,BRCA
TEST_1923,LUSC
TEST_1924,SKCM
TEST_1925,SKCM
TEST_1926,PCPG
TEST_1927,COAD
TEST_1928,HNSC
TEST_1929,GBMLGG
TEST_1930,ACC
TEST_1931,SARC
TEST_1932,ACC
TEST_1933,PCPG
TEST_1934,COAD
TEST_1935,SKCM
TEST_1936,LGG
TEST_1937,LUSC
TEST_1938,COAD
TEST_1939,LUAD
TEST_1940,TGCT
TEST_1941,BRCA
TEST_1942,STES
TEST_1943,PRAD
TEST_1944,BRCA
TEST_1945,LUSC
TEST_1946,BRCA
TEST_1947,SKCM
TEST_1948,THYM
TEST_1949,GBMLGG
TEST_1950,LUAD
TEST_1951,HNSC
TEST_1952,TGCT
TEST_1953,SKCM
TEST_1954,STES
TEST_1955,THYM
TEST_1956,KIPAN
TEST_1957,STES
TEST_1958,STES
TEST_1959,HNSC
TEST_1960,KIRC
TEST_1961,ACC
TEST_1962,STES
TEST_1963,COAD
TEST_1964,STES
TEST_1965,THYM
TEST_1966,STES
TEST_1967,COAD
TEST_1968,BLCA
TEST_1969,LIHC
TEST_1970,PRAD
TEST_1971,KIPAN
TEST_1972,CESC
TEST_1973,KIPAN
TEST_1974,TGCT
TEST_1975,BRCA
TEST_1976,PCPG
TEST_1977,PCPG
TEST_1978,PCPG
TEST_1979,LAML
TEST_1980,HNSC
TEST_1981,HNSC
TEST_1982,LUAD
TEST_1983,KIPAN
TEST_1984,HNSC
TEST_1985,BRCA
TEST_1986,DLBC
TEST_1987,UCEC
TEST_1988,COAD
TEST_1989,KIPAN
TEST_1990,PCPG
TEST_1991,BLCA
TEST_1992,KIRC
TEST_1993,BRCA
TEST_1994,STES
TEST_1995,STES
TEST_1996,COAD
TEST_1997,THCA
TEST_1998,LUSC
TEST_1999,BRCA
TEST_2000,LUSC
TEST_2001,LIHC
TEST_2002,OV
TEST_2003,OV
TEST_2004,STES
TEST_2005,BRCA
TEST_2006,HNSC
TEST_2007,TGCT
TEST_2008,BRCA
TEST_2009,BRCA
TEST_2010,PRAD
TEST_2011,STES
TEST_2012,KIRC
TEST_2013,ACC
TEST_2014,KIRC
TEST_2015,PRAD
TEST_2016,LUSC
TEST_2017,PCPG
TEST_2018,STES
TEST_2019,COAD
TEST_2020,STES
TEST_2021,OV
TEST_2022,KIRC
TEST_2023,UCEC
TEST_2024,TGCT
TEST_2025,STES
TEST_2026,STES
TEST_2027,PRAD
TEST_2028,COAD
TEST_2029,KIPAN
TEST_2030,KIRC
TEST_2031,BLCA
TEST_2032,LIHC
TEST_2033,STES
TEST_2034,STES
TEST_2035,PCPG
TEST_2036,STES
TEST_2037,COAD
TEST_2038,STES
TEST_2039,KIRC
TEST_2040,STES
TEST_2041,ACC
TEST_2042,STES
TEST_2043,STES
TEST_2044,LUAD
TEST_2045,STES
TEST_2046,THYM
TEST_2047,OV
TEST_2048,SKCM
TEST_2049,THCA
TEST_2050,PAAD
TEST_2051,COAD
TEST_2052,HNSC
TEST_2053,BLCA
TEST_2054,BRCA
TEST_2055,THCA
TEST_2056,KIRC
TEST_2057,SKCM
TEST_2058,STES
TEST_2059,THYM
TEST_2060,COAD
TEST_2061,STES
TEST_2062,STES
TEST_2063,STES
TEST_2064,KIRC
TEST_2065,TGCT
TEST_2066,PRAD
TEST_2067,LUSC
TEST_2068,HNSC
TEST_2069,LAML
TEST_2070,COAD
TEST_2071,TGCT
TEST_2072,KIPAN
TEST_2073,SKCM
TEST_2074,THCA
TEST_2075,LUSC
TEST_2076,SKCM
TEST_2077,BRCA
TEST_2078,KIPAN
TEST_2079,KIPAN
TEST_2080,BRCA
TEST_2081,KIPAN
TEST_2082,PCPG
TEST_2083,PRAD
TEST_2084,STES
TEST_2085,STES
TEST_2086,KIRC
TEST_2087,BLCA
TEST_2088,STES
TEST_2089,OV
TEST_2090,STES
TEST_2091,PCPG
TEST_2092,LIHC
TEST_2093,KIRC
TEST_2094,TGCT
TEST_2095,PCPG
TEST_2096,LGG
TEST_2097,BLCA
TEST_2098,TGCT
TEST_2099,TGCT
TEST_2100,LUSC
TEST_2101,STES
TEST_2102,STES
TEST_2103,STES
TEST_2104,HNSC
TEST_2105,SKCM
TEST_2106,GBMLGG
TEST_2107,KIPAN
TEST_2108,COAD
TEST_2109,BLCA
TEST_2110,BLCA
TEST_2111,COAD
TEST_2112,BRCA
TEST_2113,ACC
TEST_2114,LAML
TEST_2115,BRCA
TEST_2116,BRCA
TEST_2117,PCPG
TEST_2118,THYM
TEST_2119,STES
TEST_2120,KIPAN
TEST_2121,COAD
TEST_2122,BRCA
TEST_2123,COAD
TEST_2124,BLCA
TEST_2125,UCEC
TEST_2126,BRCA
TEST_2127,STES
TEST_2128,LIHC
TEST_2129,PCPG
TEST_2130,STES
TEST_2131,STES
TEST_2132,THYM
TEST_2133,LUSC
TEST_2134,KIRC
TEST_2135,STES
TEST_2136,STES
TEST_2137,SKCM
TEST_2138,BRCA
TEST_2139,STES
TEST_2140,SKCM
TEST_2141,HNSC
TEST_2142,LUSC
TEST_2143,LIHC
TEST_2144,HNSC
TEST_2145,COAD
TEST_2146,KIRC
TEST_2147,BRCA
TEST_2148,STES
TEST_2149,LUAD
TEST_2150,LAML
TEST_2151,CESC
TEST_2152,COAD
TEST_2153,THYM
TEST_2154,CESC
TEST_2155,ACC
TEST_2156,SARC
TEST_2157,PAAD
TEST_2158,GBMLGG
TEST_2159,UCEC
TEST_2160,STES
TEST_2161,LIHC
TEST_2162,STES
TEST_2163,LGG
TEST_2164,SARC
TEST_2165,LGG
TEST_2166,SKCM
TEST_2167,GBMLGG
TEST_2168,ACC
TEST_2169,BRCA
TEST_2170,STES
TEST_2171,COAD
TEST_2172,COAD
TEST_2173,SKCM
TEST_2174,STES
TEST_2175,UCEC
TEST_2176,GBMLGG
TEST_2177,STES
TEST_2178,GBMLGG
TEST_2179,PRAD
TEST_2180,COAD
TEST_2181,SKCM
TEST_2182,KIPAN
TEST_2183,BRCA
TEST_2184,PRAD
TEST_2185,TGCT
TEST_2186,BRCA
TEST_2187,COAD
TEST_2188,KIPAN
TEST_2189,STES
TEST_2190,SKCM
TEST_2191,SKCM
TEST_2192,CESC
TEST_2193,KIRC
TEST_2194,COAD
TEST_2195,BRCA
TEST_2196,HNSC
TEST_2197,COAD
TEST_2198,COAD
TEST_2199,SKCM
TEST_2200,STES
TEST_2201,SARC
TEST_2202,SKCM
TEST_2203,COAD
TEST_2204,LUAD
TEST_2205,PCPG
TEST_2206,BRCA
TEST_2207,DLBC
TEST_2208,COAD
TEST_2209,COAD
TEST_2210,LGG
TEST_2211,BRCA
TEST_2212,SARC
TEST_2213,PCPG
TEST_2214,UCEC
TEST_2215,SKCM
TEST_2216,HNSC
TEST_2217,HNSC
TEST_2218,THYM
TEST_2219,STES
TEST_2220,CESC
TEST_2221,GBMLGG
TEST_2222,KIPAN
TEST_2223,CESC
TEST_2224,TGCT
TEST_2225,STES
TEST_2226,LUSC
TEST_2227,BRCA
TEST_2228,HNSC
TEST_2229,STES
TEST_2230,BRCA
TEST_2231,STES
TEST_2232,STES
TEST_2233,THCA
TEST_2234,HNSC
TEST_2235,LUSC
TEST_2236,LUSC
TEST_2237,COAD
TEST_2238,BRCA
TEST_2239,PAAD
TEST_2240,OV
TEST_2241,GBMLGG
TEST_2242,STES
TEST_2243,KIPAN
TEST_2244,STES
TEST_2245,KIRC
TEST_2246,LIHC
TEST_2247,CESC
TEST_2248,UCEC
TEST_2249,LUSC
TEST_2250,LIHC
TEST_2251,PCPG
TEST_2252,HNSC
TEST_2253,STES
TEST_2254,KIPAN
TEST_2255,LUSC
TEST_2256,OV
TEST_2257,BRCA
TEST_2258,PCPG
TEST_2259,STES
TEST_2260,STES
TEST_2261,UCEC
TEST_2262,PCPG
TEST_2263,THCA
TEST_2264,UCEC
TEST_2265,LUSC
TEST_2266,STES
TEST_2267,KIPAN
TEST_2268,THCA
TEST_2269,BRCA
TEST_2270,LUSC
TEST_2271,BRCA
TEST_2272,BLCA
TEST_2273,BRCA
TEST_2274,PCPG
TEST_2275,ACC
TEST_2276,GBMLGG
TEST_2277,STES
TEST_2278,OV
TEST_2279,PRAD
TEST_2280,BLCA
TEST_2281,PCPG
TEST_2282,HNSC
TEST_2283,STES
TEST_2284,TGCT
TEST_2285,STES
TEST_2286,HNSC
TEST_2287,OV
TEST_2288,BRCA
TEST_2289,KIPAN
TEST_2290,STES
TEST_2291,DLBC
TEST_2292,PCPG
TEST_2293,KIRC
TEST_2294,KIPAN
TEST_2295,OV
TEST_2296,COAD
TEST_2297,DLBC
TEST_2298,STES
TEST_2299,UCEC
TEST_2300,STES
TEST_2301,STES
TEST_2302,COAD
TEST_2303,BRCA
TEST_2304,STES
TEST_2305,HNSC
TEST_2306,UCEC
TEST_2307,LGG
TEST_2308,GBMLGG
TEST_2309,STES
TEST_2310,STES
TEST_2311,HNSC
TEST_2312,SKCM
TEST_2313,TGCT
TEST_2314,KIRC
TEST_2315,LUAD
TEST_2316,STES
TEST_2317,KIPAN
TEST_2318,OV
TEST_2319,THCA
TEST_2320,GBMLGG
TEST_2321,HNSC
TEST_2322,PRAD
TEST_2323,DLBC
TEST_2324,KIPAN
TEST_2325,BRCA
TEST_2326,KIRC
TEST_2327,LUSC
TEST_2328,CESC
TEST_2329,STES
TEST_2330,STES
TEST_2331,STES
TEST_2332,LUAD
TEST_2333,DLBC
TEST_2334,PCPG
TEST_2335,BRCA
TEST_2336,COAD
TEST_2337,ACC
TEST_2338,HNSC
TEST_2339,LUSC
TEST_2340,THYM
TEST_2341,BRCA
TEST_2342,STES
TEST_2343,LUSC
TEST_2344,KIRC
TEST_2345,STES
TEST_2346,BRCA
TEST_2347,BRCA
TEST_2348,HNSC
TEST_2349,TGCT
TEST_2350,STES
TEST_2351,LGG
TEST_2352,STES
TEST_2353,LIHC
TEST_2354,STES
TEST_2355,KIPAN
TEST_2356,KIRC
TEST_2357,BRCA
TEST_2358,TGCT
TEST_2359,KIPAN
TEST_2360,STES
TEST_2361,KIPAN
TEST_2362,STES
TEST_2363,PCPG
TEST_2364,COAD
TEST_2365,UCEC
TEST_2366,BLCA
TEST_2367,CESC
TEST_2368,COAD
TEST_2369,BRCA
TEST_2370,LUSC
TEST_2371,LUSC
TEST_2372,BRCA
TEST_2373,KIPAN
TEST_2374,COAD
TEST_2375,SARC
TEST_2376,STES
TEST_2377,COAD
TEST_2378,THCA
TEST_2379,BRCA
TEST_2380,BLCA
TEST_2381,BRCA
TEST_2382,OV
TEST_2383,LAML
TEST_2384,STES
TEST_2385,BRCA
TEST_2386,COAD
TEST_2387,COAD
TEST_2388,STES
TEST_2389,BLCA
TEST_2390,TGCT
TEST_2391,HNSC
TEST_2392,OV
TEST_2393,PRAD
TEST_2394,PCPG
TEST_2395,PRAD
TEST_2396,STES
TEST_2397,STES
TEST_2398,COAD
TEST_2399,LGG
TEST_2400,STES
TEST_2401,STES
TEST_2402,BRCA
TEST_2403,STES
TEST_2404,GBMLGG
TEST_2405,KIRC
TEST_2406,THCA
TEST_2407,COAD
TEST_2408,LUSC
TEST_2409,LIHC
TEST_2410,KIPAN
TEST_2411,KIRC
TEST_2412,THYM
TEST_2413,STES
TEST_2414,BRCA
TEST_2415,COAD
TEST_2416,STES
TEST_2417,STES
TEST_2418,TGCT
TEST_2419,STES
TEST_2420,COAD
TEST_2421,HNSC
TEST_2422,GBMLGG
TEST_2423,BRCA
TEST_2424,PCPG
TEST_2425,STES
TEST_2426,SKCM
TEST_2427,LUAD
TEST_2428,ACC
TEST_2429,STES
TEST_2430,STES
TEST_2431,KIRC
TEST_2432,BLCA
TEST_2433,STES
TEST_2434,PCPG
TEST_2435,STES
TEST_2436,LIHC
TEST_2437,STES
TEST_2438,CESC
TEST_2439,STES
TEST_2440,STES
TEST_2441,HNSC
TEST_2442,THCA
TEST_2443,GBMLGG
TEST_2444,LIHC
TEST_2445,STES
TEST_2446,SKCM
TEST_2447,BRCA
TEST_2448,COAD
TEST_2449,STES
TEST_2450,ACC
TEST_2451,ACC
TEST_2452,SARC
TEST_2453,OV
TEST_2454,STES
TEST_2455,STES
TEST_2456,STES
TEST_2457,BRCA
TEST_2458,PCPG
TEST_2459,KIRC
TEST_2460,STES
TEST_2461,SKCM
TEST_2462,STES
TEST_2463,TGCT
TEST_2464,PRAD
TEST_2465,BLCA
TEST_2466,KIPAN
TEST_2467,STES
TEST_2468,SKCM
TEST_2469,BRCA
TEST_2470,STES
TEST_2471,UCEC
TEST_2472,PAAD
TEST_2473,STES
TEST_2474,STES
TEST_2475,KIPAN
TEST_2476,STES
TEST_2477,OV
TEST_2478,TGCT
TEST_2479,BRCA
TEST_2480,SKCM
TEST_2481,THYM
TEST_2482,CESC
TEST_2483,THCA
TEST_2484,LUAD
TEST_2485,STES
TEST_2486,STES
TEST_2487,SARC
TEST_2488,LUAD
TEST_2489,LUSC
TEST_2490,STES
TEST_2491,BLCA
TEST_2492,THYM
TEST_2493,LUSC
TEST_2494,BRCA
TEST_2495,PRAD
TEST_2496,BLCA
TEST_2497,HNSC
TEST_2498,BRCA
TEST_2499,STES
TEST_2500,BLCA
TEST_2501,KIRC
TEST_2502,TGCT
TEST_2503,HNSC
TEST_2504,PRAD
TEST_2505,KIPAN
TEST_2506,BRCA
TEST_2507,LGG
TEST_2508,KIRC
TEST_2509,PAAD
TEST_2510,STES
TEST_2511,PAAD
TEST_2512,LAML
TEST_2513,THCA
TEST_2514,COAD
TEST_2515,GBMLGG
TEST_2516,COAD
TEST_2517,BRCA
TEST_2518,OV
TEST_2519,STES
TEST_2520,STES
TEST_2521,GBMLGG
TEST_2522,UCEC
TEST_2523,STES
TEST_2524,STES
TEST_2525,STES
TEST_2526,STES
TEST_2527,STES
TEST_2528,STES
TEST_2529,SKCM
TEST_2530,KIPAN
TEST_2531,STES
TEST_2532,PCPG
TEST_2533,PCPG
TEST_2534,BRCA
TEST_2535,OV
TEST_2536,STES
TEST_2537,BLCA
TEST_2538,STES
TEST_2539,KIRC
TEST_2540,DLBC
TEST_2541,BLCA
TEST_2542,PAAD
TEST_2543,KIPAN
TEST_2544,LAML
TEST_2545,GBMLGG
